dtype,inv_method,divergence,err_mean
fp64,solve,0.068,0.0785089021119206
fp64,svd,1.0,1.5025452222079125
fp64,inv,0.07166666666666667,0.07948408799048207
fp16,solve,0.068,0.07826134399152486
fp16,svd,0.048,0.5555761499449328
fp16,inv,0.07166666666666667,0.07939843393210444
fp32,solve,0.07066666666666667,0.07816522954886256
fp32,svd,1.0,1.503469331072473
fp32,inv,0.07833333333333334,0.07646232999351935
