dtype,inv_method,divergence,err_mean
fp64,,0.0,0.040653089381612446
fp32,,0.0,0.04862425524056254
fp16,,0.0,0.049345282165998074
